"utterance_id","turn_id","chat_id","datetime","user_utterance","valence","valence_score","label","label_score","sublabel","sublabel_score","bot_action","bot_datetime","bot_utterance","user_rating","user_rating_explanation"
1,1,1,"2023-07-27 13:48:37.440911","start",NULL,0,NULL,0,NULL,0,NULL,"2023-07-27 13:48:39.038798","Hallo! Ich bin MIcha, dein Motivations-Chatbot. 
                            Mein Ziel ist es, dir dabei zu helfen, dein Verhalten zu reflektieren und dich dabei zu unterstützen dir einen Plan für deine Verhaltensänderung zu erarbeiten. 
                            Bitte denke über meine Fragen genau nach und sieh sie vorwiegend als Gedankenanstöße, die dich mental näher an dein Ziel bringen. 
                            Ich bin nicht dafür da, dir Tipps oder Handlungsempfehlungen zu geben, sondern dafür, dir über deine Beweggründe und Werte klar zu werden. 
                                
                            Über welche Verhaltensänderung möchtest du heute sprechen?",NULL,NULL
2,2,1,"2023-07-27 13:49:10.611202","Ich möchte weniger prokrastinieren",NULL,0,NULL,0,NULL,0,NULL,"2023-07-27 13:49:12.193502","Du möchtest also weniger prokrastinieren. Kannst du mir etwas darüber erzählen, warum dir diese Veränderung wichtig ist?",NULL,NULL
3,3,1,"2023-07-27 13:50:29.271684","Ich habe das Gefühl, nicht ganz bei der Sache zu sein wenn ich meine Arbeit erledige. Vor allem im Homeoffice lasse ich mich schnell ablenken. Ich habe gerade eine neue Stelle angefangen und möchte mich beweisen. Außerdem habe ich Schuldgefühle wenn ich mich so häufig ablenken lasse.",NULL,0,NULL,0,NULL,0,NULL,"2023-07-27 13:50:32.959824","Auf einer Skala von 0 (überhaupt nicht) bis 10 (sehr), wie interessiert bist du jetzt gerade daran, diese Veränderung durchzuführen?",NULL,NULL
4,4,1,"2023-07-27 13:50:58.112075","8",NULL,0,NULL,0,NULL,0,NULL,"2023-07-27 13:51:00.203526","Eine 8. Du stehst dieser Veränderung also insgesamt positiv gegenüber. Kannst du mir etwas mehr über diese Einschätzung sagen? Warum hast du keinen höheren oder niedrigeren Wert angegeben?",NULL,NULL
5,5,1,"2023-07-27 13:51:58.252337","Ich habe das Problem, dass ich häufig wenig zu tun habe an der Arbeit. Und dann ist Ablenkung auch mal ganz angenehm. Ich möchte es nicht komplett ändern, nur verbessern.","change",0.9931941032409668,"Reason",0.9991583824157715,"desire",0.9926322102546692,"Elaboration","2023-07-27 13:52:05.847383","Du möchtest also nicht jede Form der Ablenkung loswerden, sondern nur weniger prokrastinieren. Was sind die Momente, in denen du merkst, dass du prokrastinierst","gut/hilfreich","Wenn ich eine große, langwierige Aufgabe vor mir habe oder etwas, auf das ich gerade keine Lust habe. Und wenn ich allgemein müde oder schlapp bin."
6,6,1,"2023-07-27 13:54:09.219363","Wenn ich eine sehr große, langwierige Aufgabe vor mir habe oder etwas, das ich nicht gerne mache. Und wenn ich mich allgemein schlapp und müde fühle.","change",0.9961686730384827,"Reason",0.9964839220046997,"General Reason",0.9902167320251465,"Affirmation","2023-07-27 13:54:15.483602","Du erkennst also, wann du am meisten zum Prokrastinieren neigst. Es ist eine Stärke, solche Muster zu erkennen. Was könntest du tun, um in diesen Momenten weniger zu prokrastinieren","gut/hilfreich",NULL
7,7,1,"2023-07-27 13:55:29.716844","Ich könnte mir die Arbeit aufteilen, vielleicht in kleineren Etappen arbeiten mit Pausen. Aber das fällt mir sehr schwer.","change",0.9986326098442078,"Reason",0.9969674944877625,"ability",0.9848176836967468,"Digging Deep","2023-07-27 13:55:36.183095","Es ist nachvollziehbar, dass es schwierig sein kann, sich große Aufgaben in kleinere Teile zu unterteilen. Was denkst du, könnte dir dabei helfen, diesen Ansatz effektiver zu nutzen","gut/hilfreich",NULL
8,8,1,"2023-07-27 13:56:30.614602","Vielleicht hilft es, mir Wecker zu stellen für Zeiten, in denen ich ungestört arbeite und für Pausen.","change",0.9991008043289185,"Reason",0.9858307242393494,"General Reason",0.9927095174789429,"Affirmation","2023-07-27 13:56:37.754848","Deine Fähigkeit, Lösungen zu finden, ist bemerkenswert. Es zeigt, dass du trotz der Herausforderung, die das Prokrastinieren darstellt, in der Lage bist, proaktiv zu sein. Du bist auf dem richtigen Weg.","gut/hilfreich","Die posititve Bestärkung hilft mir, selbst Antworten auf meine Fragen zu finden."
9,9,1,"2023-07-27 13:57:38.061668","Danke das hat mir sehr geholfen.","change",0.998370349407196,"Taking Steps",0.6792768836021423,NULL,NULL,"Hypothetical","2023-07-27 13:57:47.123313","Es freut mich zu hören, dass unser Gespräch hilfreich für dich war. Du hast bereits viele tolle Ideen und Lösungsansätze entwickelt. Denke daran, dass es vollkommen in Ordnung ist, klein anzufangen und sich schrittweise an seine Ziele heranzuarbeiten. Du machst das großartig.","gut/hilfreich","Weiterhin positive Bestärkung, ich würde mir nur mehr Lösungsansätze vom Bot selbst wünschen."
10,10,1,"2023-07-27 13:59:00.703487","Kannst du mir noch allgemeine Lösungsansätze geben, um das Prokrastinieren an der Arbeit zu verringern?","change",0.9933983087539673,"Reason",0.9882616400718689,"ability",0.9810911417007446,"Summary","2023-07-27 13:59:18.181725","Lass mich unser bisheriges Gespräch zusammenfassen. Natürlich, hier sind ein paar allgemeine Strategien, die dir helfen könnten, die Prokrastination zu verringern:

1. Prioritäten setzen: Beginne jeden Tag damit, deine Aufgaben nach Priorität zu ordnen. Dies hilft dir, dich auf das zu konzentrieren, was wirklich wichtig ist.

2. Zeitmanagement: Nutze Techniken wie die Pomodoro-Technik, bei der du in Blocks arbeitest und regelmäßige Pausen einlegst.

3. Ablenkungen minimieren: Versuche, Ablenkungen in deiner Arbeitsumgebung so gut wie möglich zu reduzieren.

4. Selbstfürsorge: Sorge dafür, dass du ausreichend schlafst, dich gesund ernährst und regelmäßig bewegst. Dies kann dir helfen, deine Energie und Konzentration zu erhöhen.

5. Positive Visualisierung: Habe ich noch etwas vergessen?","gut/hilfreich","Das sind sehr hilfreiche Ansätze, die ich wahrscheinlich in meinen Alltag integrieren werde."
11,11,1,"2023-07-27 14:01:42.803373","Ich denke diese Ansätze können mir schon sehr weiterhelfen! Was ist, wenn ich wenig Arbeit zu tun habe? Wie verhindere ich Prokrastination wenn mein Aufgabenpensum klein ist?","change",0.8153855800628662,"Reason",0.9960519671440125,"ability",0.9286298751831055,"Next Steps","2023-07-27 14:01:47.410558","Verstanden! Bitte verrate mir abschließend nochmal was dein nächster Schritt konkret sein wird.","schlecht/unpassend","Ich habe in meiner Nachricht eine Frage gestellt, die nicht vom Bot beantwortet wurde."
12,12,1,"2023-07-27 14:03:12.549295","Mein nächster Schritt wird sein, meine ToDos zu sortieren und nach Prioritäten zu ordnen. Das wird mir helfen, mich auf das wesentliche zu fokussieren und nicht in meiner Workload unterzugehen.","change",0.9992892742156982,"Commitment",0.9973236322402954,NULL,NULL,"Goodbye","2023-07-27 14:03:14.254189","Vielen Dank für deine Offenheit in unserem Gespräch. 
                            Ich hoffe es hat dir dabei geholfen, deinem Ziel zumindest gedanklich etwas näher zu kommen.",NULL,NULL
13,1,2,"2023-07-27 14:14:29.246236","start",NULL,0,NULL,0,NULL,0,NULL,"2023-07-27 14:14:30.95349","Hallo! Ich bin MIcha, dein Motivations-Chatbot. 
                            Mein Ziel ist es, dir dabei zu helfen, dein Verhalten zu reflektieren und dich dabei zu unterstützen dir einen Plan für deine Verhaltensänderung zu erarbeiten. 
                            Bitte denke über meine Fragen genau nach und sieh sie vorwiegend als Gedankenanstöße, die dich mental näher an dein Ziel bringen. 
                            Ich bin nicht dafür da, dir Tipps oder Handlungsempfehlungen zu geben, sondern dafür, dir über deine Beweggründe und Werte klar zu werden. 
                                
                            Über welche Verhaltensänderung möchtest du heute sprechen?",NULL,NULL
14,2,2,"2023-07-27 14:14:58.374135","Ich möchte mich gesünder ernähren",NULL,0,NULL,0,NULL,0,NULL,"2023-07-27 14:15:00.583867","Du möchtest also gesünder essen. Kannst du mir etwas darüber erzählen, warum dir diese Veränderung wichtig ist?",NULL,NULL
15,3,2,"2023-07-27 14:15:37.318686","Durch viel Arbeit, Grillfeste und wenig Zeit habe ich meine Ernährung schleifen lassen und möchte gesund wieder abnehmen",NULL,0,NULL,0,NULL,0,NULL,"2023-07-27 14:15:41.096889","Wie bereit bist du auf einer Skala von 0 (überhaupt nicht) bis 10 (sehr) diese Veränderung durchzuführen?",NULL,NULL
16,4,2,"2023-07-27 14:15:47.624713","7",NULL,0,NULL,0,NULL,0,NULL,"2023-07-27 14:15:49.579906","Eine 7. Du stehst dieser Veränderung also insgesamt positiv gegenüber. Kannst du mir etwas mehr über diese Einschätzung sagen? Warum hast du keinen höheren oder niedrigeren Wert angegeben?",NULL,NULL
17,5,2,"2023-07-27 14:16:30.120429","Ich bin motiviert, aber kenne mich gut genug, dass diese Motivation manchmal genau so schnell wieder verschindet wie sie gekommen ist","change",0.998898983001709,"Reason",0.9989808201789856,"General Reason",0.9945502877235413,NULL,"2023-07-27 14:16:36.837013","Wie könntest du sicherstellen, dass deine Motivation bestehen bleibt","gut/hilfreich",NULL
18,6,2,"2023-07-27 14:17:28.474844","nichts zu zeitaufwändiges und keine extremen einschränkungen","change",0.965577244758606,"Reason",0.9717454314231873,"General Reason",0.9737235307693481,NULL,"2023-07-27 14:17:36.094771","Welche konkreten Schritte könntest du unternehmen, um deine Ernährung zu verbessern, ohne dass es zu zeitaufwändig oder einschränkend ist","schlecht/unpassend","irgendwie kommen hier gar keine passenden vorschlage sondern ich muss mich selbst analysieren"
19,7,2,"2023-07-27 14:19:24.515731","einfache gesunde Gerichte, die schnell zu kochen sind und satt machen","change",0.9971876740455627,"Reason",0.9557834267616272,"General Reason",0.9917395114898682,NULL,"2023-07-27 14:19:29.535678","Was könnte dich davon abhalten, diese gesunden, einfachen Gerichte zuzubereiten","schlecht/unpassend","irgendwie bekomme ich hier keine Hilfe sondern nur ein nerviges Gespräch aufgedrückt"
20,1,3,"2023-07-27 14:19:46.295289","start",NULL,0,NULL,0,NULL,0,NULL,"2023-07-27 14:19:48.774473","Hallo! Ich bin MIcha, dein Motivations-Chatbot. 
                            Mein Ziel ist es, dir dabei zu helfen, dein Verhalten zu reflektieren und dich dabei zu unterstützen dir einen Plan für deine Verhaltensänderung zu erarbeiten. 
                            Bitte denke über meine Fragen genau nach und sieh sie vorwiegend als Gedankenanstöße, die dich mental näher an dein Ziel bringen. 
                            Ich bin nicht dafür da, dir Tipps oder Handlungsempfehlungen zu geben, sondern dafür, dir über deine Beweggründe und Werte klar zu werden. 
                                
                            Über welche Verhaltensänderung möchtest du heute sprechen?",NULL,NULL
21,8,2,"2023-07-27 14:20:15.218607","wenig Zeit","change",0.9358991384506226,"Reason",0.8599375486373901,"General Reason",0.9794365763664246,NULL,"2023-07-27 14:20:21.088174","Wie könntest du trotzdem Zeit dafür finden, gesunde Gerichte zuzubereiten","gut/hilfreich",NULL
22,2,3,"2023-07-27 14:20:18.155567","Ich möchte mich gesünder ernähren",NULL,0,NULL,0,NULL,0,NULL,"2023-07-27 14:20:19.858074","Du möchtest also gesünder essen. Kannst du mir etwas darüber erzählen, warum dir diese Veränderung wichtig ist?",NULL,NULL
23,9,2,"2023-07-27 14:20:59.71624","mein restliches Leben irgendwo einschränken","change",0.9784379005432129,"Reason",0.9971977472305298,"General Reason",0.9706546068191528,NULL,"2023-07-27 14:21:05.263072","Wie könntest du sicherstellen, dass gesundes Essen in deinem Alltag Priorität hat, ohne dass andere Bereiche deines Lebens darunter leiden","schlecht/unpassend","das ist mehr eine geführte Psychoanalyse und nervig als wirklich hilfreich"
24,3,3,"2023-07-27 14:21:51.157856","Es geht nicht vorrangig darum, Gewicht zu verlieren, sondern vielmehr darum, dass ich nachhaltig meine Ernährung gesünder gestalten will. Gesunde Ernährung ist ja mehr als nur das Essen, sondern hilft auch, dass man sich allgemein im Körper wohler fühlt.",NULL,0,NULL,0,NULL,0,NULL,"2023-07-27 14:21:55.256221","Wie wichtig ist dir diese Veränderung auf einer Skala von 0 (überhaupt nicht) bis 10 (sehr)",NULL,NULL
25,10,2,"2023-07-27 14:21:58.416931","keine Ahnung, sag du es mir","change",0.7072789072990417,"Reason",0.991015613079071,"General Reason",0.9776036739349365,"Summary","2023-07-27 14:22:11.942606","Lass mich unser bisheriges Gespräch zusammenfassen. Vielleicht könntest du versuchen, Mahlzeiten im Voraus zu planen und zu kochen, damit du auch in stressigen Zeiten gesunde Optionen zur Hand hast. Du könntest auch versuchen, gesunde Snacks bei dir zu haben, um nicht in Versuchung zu kommen, ungesunde Optionen zu wählen. Du könntest auch versuchen, deine Mahlzeiten um gesunde und sättigende Lebensmittel wie Gemüse, Vollkornprodukte und Proteine zu bauen, um dich länger satt zu fühlen. Habe ich noch etwas vergessen?","gut/hilfreich","endlich mal etwas hilfreiches "
26,4,3,"2023-07-27 14:22:09.674931","7",NULL,0,NULL,0,NULL,0,NULL,"2023-07-27 14:22:11.439733","Eine 7. Du stehst dieser Veränderung also insgesamt positiv gegenüber. Kannst du mir etwas mehr über diese Einschätzung sagen? Warum hast du keinen höheren oder niedrigeren Wert angegeben?",NULL,NULL
27,11,2,"2023-07-27 14:23:12.416604","ich weiß es nicht, aber klingt gut","change",0.77904212474823,"Reason",0.997267484664917,"General Reason",0.9931299090385437,"Next Steps","2023-07-27 14:23:14.523975","Verstanden! Bitte verrate mir abschließend nochmal was dein nächster Schritt konkret sein wird.","gut/hilfreich",NULL
28,5,3,"2023-07-27 14:23:32.919946","Es ist mir durchaus wichtig, aber ich würde der Veränderung nicht alles unterordnen. Ich habe also durchaus auch wichtigere Ziele, daher habe ich keinen höheren Wert gewählt. Gleichzeitig möchte ich die Veränderung aber wirklich umsetzen.","change",0.9987782835960388,"Reason",0.998742401599884,"desire",0.9920781254768372,"Continuing the Paragraph","2023-07-27 14:23:40.040424","Das macht Sinn. Du möchtest also eine Balance zwischen deinem Ziel, dich gesünder zu ernähren, und anderen wichtigen Aspekten deines Lebens finden. Was könnte dich unterstützen, um diesen Balanceakt zu meistern","gut/hilfreich","Ein kurzes Zeichen des Verstehens und die Zusammenfassung des Verstandenen ist gut, um zu wissen, dass alles verständlich ist."
29,12,2,"2023-07-27 14:23:43.262134","Ich probiere es mit Meal prep","change",0.9990757703781128,"Commitment",0.5033175349235535,NULL,NULL,"Goodbye","2023-07-27 14:23:45.931132","Vielen Dank für deine Offenheit in unserem Gespräch. 
                            Ich hoffe es hat dir dabei geholfen, deinem Ziel zumindest gedanklich etwas näher zu kommen.",NULL,NULL
30,6,3,"2023-07-27 14:26:23.313753","Ich weiß bereits, dass mir die Umstellung schwer fallen wird. Wichtig ist es also für mich eine Methode zu finden, die nachhaltig für mich funktioniert, damit ich nicht schnell in alte Muster verfalle.","change",0.9983986020088196,"Reason",0.9982605576515198,"need",0.9204249978065491,"Querying Extremes","2023-07-27 14:26:31.170944","Es ist klar, dass du eine nachhaltige Methode suchst, um gesünder zu essen, ohne in alte Muster zu verfallen. Was wäre das beste Ergebnis, das du dir von dieser Veränderung erhoffst","schlecht/unpassend","Der erste Satz ""es ist ja eh klar, was du suchst"" wirkt etwas herablassend. Die Frage danach ist gut."
31,7,3,"2023-07-27 14:29:03.611054","Ein gesünderes Leben im Allgemeinen, in dem ich mir auch im Alltag genug Zeit nehme, um frisch zu kochen. Wenn ich allgemein gesünder lebe, erhoffe ich mir, dass ich auch glücklicher und zufriedener und natürlich gesund lebe.","change",0.9993158578872681,"Reason",0.9562312960624695,"desire",0.7684212327003479,"Looking Forward","2023-07-27 14:29:12.731831","Es ist bewundernswert, dass du dir eine Zukunft vorstellst, in der du dir bewusst Zeit nimmst, um frisch zu kochen und dadurch gesünder, glücklicher und zufriedener zu leben. Wie siehst du dich selbst in dieser Zukunft, in der du dich gesünder ernährst","schlecht/unpassend","Grundsätzlich in Ordnung, aber die Wiederholung jedes einzelnen Satzes, den ich geschrieben habe, ist etwas ermüdend."
32,1,4,"2023-07-27 14:31:38.896736","start",NULL,0,NULL,0,NULL,0,NULL,"2023-07-27 14:31:40.36707","Hallo! Ich bin MIcha, dein Motivations-Chatbot. 
                            Mein Ziel ist es, dir dabei zu helfen, dein Verhalten zu reflektieren und dich dabei zu unterstützen dir einen Plan für deine Verhaltensänderung zu erarbeiten. 
                            Bitte denke über meine Fragen genau nach und sieh sie vorwiegend als Gedankenanstöße, die dich mental näher an dein Ziel bringen. 
                            Ich bin nicht dafür da, dir Tipps oder Handlungsempfehlungen zu geben, sondern dafür, dir über deine Beweggründe und Werte klar zu werden. 
                                
                            Über welche Verhaltensänderung möchtest du heute sprechen?",NULL,NULL
33,8,3,"2023-07-27 14:32:07.502514","Ich sehe mich dabei ausgeglichener und zufriedener. Vielleicht auch mit weniger Gewicht, wobei ich das eher als Nebensache sehen würde. Ich denke, dass ich mit gesünderer Ernährung fitter wäre.","change",0.9994064569473267,"Reason",0.9992877840995789,"General Reason",0.9960839748382568,"Digging Deep","2023-07-27 14:32:14.461524","Du siehst dich selbst ausgeglichener, zufriedener und fitter durch eine gesündere Ernährung. Was wäre der erste Schritt in Richtung dieses Ziels, den du dir vorstellen könntest","gut/hilfreich",NULL
34,2,4,"2023-07-27 14:32:07.843405","Ich möchte weniger prokrastinieren",NULL,0,NULL,0,NULL,0,NULL,"2023-07-27 14:32:09.879012","Du möchtest also weniger prokrastinieren. Kannst du mir etwas darüber erzählen, warum dir diese Veränderung wichtig ist?",NULL,NULL
35,3,4,"2023-07-27 14:33:00.170967","Ich habe das Gefühl, dass ich nicht effizient Arbeite und dadurch viel Zeit drauf geht, die ich eigentlich mit schöneren Dingen gestalten könnte. Ausserdem habe ich dadurch permanent das Gefühl nicht genug zu tun",NULL,0,NULL,0,NULL,0,NULL,"2023-07-27 14:33:03.368674","Wie zuversichtlich bist du auf einer Skala von 0 (überhaupt nicht) bis 10 (sehr), dass du diese Veränderung durchführen kannst?",NULL,NULL
36,4,4,"2023-07-27 14:33:11.432054","1",NULL,0,NULL,0,NULL,0,NULL,"2023-07-27 14:33:12.962803","Eine 1. Das klingt als stündest du dieser Veränderung nicht allzu zuversichtlich gegenüber. Erzähl mir bitte mehr über deine Einstellung. Warum hast du keinen höheren oder niedrigeren Wert angegeben?",NULL,NULL
37,9,3,"2023-07-27 14:33:38.40659","Da ich gerade Urlaub habe, könnte ich diese Zeit nutzen, um mich in eine neue Routine des Kochens einzufinden. Ich könnte mir nun eine Reihe an gesunden Rezepten heraussuchen, die einfach, schnell, aber gesund sind.","change",0.999363124370575,"Reason",0.9897440075874329,"General Reason",0.4620331823825836,"Looking Back","2023-07-27 14:33:45.486416","Du hast vor, deine freie Zeit zu nutzen, um eine neue Kochroutine mit gesunden Rezepten zu etablieren. Wie würdest du dich fühlen, wenn du diesen ersten Schritt erfolgreich umgesetzt hast","gut/hilfreich",NULL
38,5,4,"2023-07-27 14:33:41.001924","Sorry, die Skala hat nicht richtig funktioniert. Ich würde der Situation eine 5 geben","change",0.9172637462615967,"Reason",0.9981592297554016,"General Reason",0.9505613446235657,NULL,"2023-07-27 14:33:45.466609","Eine 5 also. Was könnte dir dabei helfen, deinen Zuversichtswert zu erhöhen","gut/hilfreich","Wenn ich einen genauen Plan hätte, wie ich das Problem angehen würde "
39,1,5,"2023-07-27 14:33:58.539854","start",NULL,0,NULL,0,NULL,0,NULL,"2023-07-27 14:34:00.368859","Hallo! Ich bin MIcha, dein Motivations-Chatbot. 
                            Mein Ziel ist es, dir dabei zu helfen, dein Verhalten zu reflektieren und dich dabei zu unterstützen dir einen Plan für deine Verhaltensänderung zu erarbeiten. 
                            Bitte denke über meine Fragen genau nach und sieh sie vorwiegend als Gedankenanstöße, die dich mental näher an dein Ziel bringen. 
                            Ich bin nicht dafür da, dir Tipps oder Handlungsempfehlungen zu geben, sondern dafür, dir über deine Beweggründe und Werte klar zu werden. 
                                
                            Über welche Verhaltensänderung möchtest du heute sprechen?",NULL,NULL
40,2,5,"2023-07-27 14:34:30.657562","Ich möchte mich gesünder ernähren",NULL,0,NULL,0,NULL,0,NULL,"2023-07-27 14:34:32.481561","Du möchtest also gesünder essen. Kannst du mir etwas darüber erzählen, warum dir diese Veränderung wichtig ist?",NULL,NULL
41,6,4,"2023-07-27 14:34:36.803796","Wenn ich einen genauen Plan hätte, wie ich das Problem angehen koennte","sustain",0.9079260230064392,"Reason",0.9983106851577759,"ability",0.7088627815246582,NULL,"2023-07-27 14:34:42.351838","Es ist wichtig für dich, einen klaren Plan zu haben. Was könnte der erste Schritt in diesem Plan sein","gut/hilfreich",NULL
42,1,6,"2023-07-27 14:35:02.284959","start",NULL,0,NULL,0,NULL,0,NULL,"2023-07-27 14:35:04.859874","Hallo! Ich bin MIcha, dein Motivations-Chatbot. 
                            Mein Ziel ist es, dir dabei zu helfen, dein Verhalten zu reflektieren und dich dabei zu unterstützen dir einen Plan für deine Verhaltensänderung zu erarbeiten. 
                            Bitte denke über meine Fragen genau nach und sieh sie vorwiegend als Gedankenanstöße, die dich mental näher an dein Ziel bringen. 
                            Ich bin nicht dafür da, dir Tipps oder Handlungsempfehlungen zu geben, sondern dafür, dir über deine Beweggründe und Werte klar zu werden. 
                                
                            Über welche Verhaltensänderung möchtest du heute sprechen?",NULL,NULL
43,10,3,"2023-07-27 14:35:02.399574","Ein wenig stolz vermutlich, da der erste Schritt immer am schwersten ist. Allerdings hätte ich die Sorge, dass meine erste Motivation wieder einschläft, sobald ich wieder weniger Zeit habe und in eine stressige Phase komme.","change",0.9950961470603943,"Reason",0.9992699027061462,"General Reason",0.9953171014785767,"Summary","2023-07-27 14:35:09.766591","Lass mich unser bisheriges Gespräch zusammenfassen. Du rechnest damit, stolz zu sein, wenn du den ersten Schritt geschafft hast, aber du machst dir auch Sorgen, dass deine Motivation nachlassen könnte, wenn du weniger Zeit hast und gestresst bist. Habe ich noch etwas vergessen?","gut/hilfreich",NULL
44,7,4,"2023-07-27 14:35:18.949716","Ein genaues Ziel festlegen, das messbar und realistisch ist (SMART goals)","change",0.9992355108261108,"Commitment",0.9779722690582275,NULL,NULL,NULL,"2023-07-27 14:35:24.285411","Ein klares, messbares und realistisches Ziel zu setzen, scheint ein guter erster Schritt zu sein. Wie könnte dieses aussehen","gut/hilfreich",NULL
45,3,5,"2023-07-27 14:35:37.031093","Weil ich damit hoffe, Unwohlsein und Schmerzen in Gelenken reduzieren zu können.",NULL,0,NULL,0,NULL,0,NULL,"2023-07-27 14:35:40.574068","Auf einer Skala von 0 (überhaupt nicht) bis 10 (sehr), wie interessiert bist du jetzt gerade daran, diese Veränderung durchzuführen?",NULL,NULL
46,11,3,"2023-07-27 14:35:50.804262","Nein, das trifft es soweit gut.","change",0.9989780187606812,"Reason",0.9990253448486328,"General Reason",0.9962452054023743,"Next Steps","2023-07-27 14:35:52.788278","Verstanden! Bitte verrate mir abschließend nochmal was dein nächster Schritt konkret sein wird.","gut/hilfreich",NULL
47,4,5,"2023-07-27 14:35:55.548179","8",NULL,0,NULL,0,NULL,0,NULL,"2023-07-27 14:35:57.148118","Eine 8. Du stehst dieser Veränderung also insgesamt positiv gegenüber. Kannst du mir etwas mehr über diese Einschätzung sagen? Warum hast du keinen höheren oder niedrigeren Wert angegeben?",NULL,NULL
48,1,7,"2023-07-27 14:35:59.961125","start",NULL,0,NULL,0,NULL,0,NULL,"2023-07-27 14:36:01.905993","Hallo! Ich bin MIcha, dein Motivations-Chatbot. 
                            Mein Ziel ist es, dir dabei zu helfen, dein Verhalten zu reflektieren und dich dabei zu unterstützen dir einen Plan für deine Verhaltensänderung zu erarbeiten. 
                            Bitte denke über meine Fragen genau nach und sieh sie vorwiegend als Gedankenanstöße, die dich mental näher an dein Ziel bringen. 
                            Ich bin nicht dafür da, dir Tipps oder Handlungsempfehlungen zu geben, sondern dafür, dir über deine Beweggründe und Werte klar zu werden. 
                                
                            Über welche Verhaltensänderung möchtest du heute sprechen?",NULL,NULL
49,8,4,"2023-07-27 14:36:06.196497","Eine bestimmte Stundenzahl festlegen in der ich bestimmte Dinge erledigt haben will","change",0.9978765249252319,"Reason",0.753079891204834,"desire",0.9846599102020264,NULL,"2023-07-27 14:36:13.572266","Eine bestimmte Stundenzahl festzulegen, in der du bestimmte Dinge erledigt haben willst, scheint für dich ein machbares Ziel zu sein. Wie wirst du sicherstellen, dass du diesem Ziel treu bleibst","gut/hilfreich","Gute Frage"
50,2,7,"2023-07-27 14:36:32.636943","Ich möchte nachhaltiger leben",NULL,0,NULL,0,NULL,0,NULL,"2023-07-27 14:36:34.514377","Du möchtest also nachhaltiger leben. Kannst du mir etwas darüber erzählen, warum dir diese Veränderung wichtig ist?",NULL,NULL
51,1,8,"2023-07-27 14:36:34.086627","start",NULL,0,NULL,0,NULL,0,NULL,"2023-07-27 14:36:35.751824","Hallo! Ich bin MIcha, dein Motivations-Chatbot. 
                            Mein Ziel ist es, dir dabei zu helfen, dein Verhalten zu reflektieren und dich dabei zu unterstützen dir einen Plan für deine Verhaltensänderung zu erarbeiten. 
                            Bitte denke über meine Fragen genau nach und sieh sie vorwiegend als Gedankenanstöße, die dich mental näher an dein Ziel bringen. 
                            Ich bin nicht dafür da, dir Tipps oder Handlungsempfehlungen zu geben, sondern dafür, dir über deine Beweggründe und Werte klar zu werden. 
                                
                            Über welche Verhaltensänderung möchtest du heute sprechen?",NULL,NULL
52,3,7,"2023-07-27 14:36:54.492423","Damit ich mehr für die Umwelt machen kann.",NULL,0,NULL,0,NULL,0,NULL,"2023-07-27 14:36:58.352452","Wie bereit bist du auf einer Skala von 0 (überhaupt nicht) bis 10 (sehr) diese Veränderung durchzuführen?",NULL,NULL
53,2,8,"2023-07-27 14:37:06.295486","Ich möchte mich gesünder ernähren",NULL,0,NULL,0,NULL,0,NULL,"2023-07-27 14:37:07.984726","Du möchtest also gesünder essen. Kannst du mir etwas darüber erzählen, warum dir diese Veränderung wichtig ist?",NULL,NULL
54,9,4,"2023-07-27 14:37:07.097063","Vielleicht einen sozialen Vertrag mit einer anderen Person schliessen? Oder Ziele genau aufschreben","change",0.9980698227882385,"Reason",0.955089807510376,"General Reason",0.9122382402420044,NULL,"2023-07-27 14:37:16.043408","Das Aufschreiben von Zielen und das Eingehen eines sozialen Vertrages könnten Wege sein, die dir helfen, deinem Ziel treu zu bleiben. Wie könntest du diese Strategien umsetzen","schlecht/unpassend","Die Frage hilft nicht sonderlich weiter"
55,4,7,"2023-07-27 14:37:08.474578","5",NULL,0,NULL,0,NULL,0,NULL,"2023-07-27 14:37:10.669561","Eine 5. Das klingt als stündest du dieser Veränderung nicht allzu zuversichtlich gegenüber. Erzähl mir bitte mehr über deine Einstellung. Warum hast du keinen höheren oder niedrigeren Wert angegeben?",NULL,NULL
56,3,8,"2023-07-27 14:37:22.610941","Ich würde gerne ein paar Kilos abnehmen",NULL,0,NULL,0,NULL,0,NULL,"2023-07-27 14:37:25.956556","Wie bereit bist du auf einer Skala von 0 (überhaupt nicht) bis 10 (sehr) diese Veränderung durchzuführen?",NULL,NULL
57,5,5,"2023-07-27 14:37:24.602434","Weiö ich grunds#tzlich mit meinem Lebens-/Ernährungsstil zufrieden bin, aber dennoch die Hoffnung habe, dass ich mein Wohlbefinden noch verbessern kann.","change",0.9992934465408325,"Reason",0.9992395639419556,"General Reason",0.7916425466537476,NULL,"2023-07-27 14:37:29.923927","Du bist grundsätzlich zufrieden, siehst aber noch Raum für Verbesserungen. Was könnten erste kleine Schritte sein, um diese Verbesserungen zu erreichen","schlecht/unpassend","Wenn ich wüsste, welche Schritte gut oder sinnvoll wären, hätte ich sie bereits durchgeführt!"
58,12,3,"2023-07-27 14:37:32.248588","Neue Rezepte suchen und gezielt sammeln, um einen Fundus an gesunden Rezepten zu haben, auf den ich immer zurückgreifen kann.","change",0.9992955923080444,"Commitment",0.9861138463020325,NULL,NULL,"Goodbye","2023-07-27 14:37:34.769487","Vielen Dank für deine Offenheit in unserem Gespräch. 
                            Ich hoffe es hat dir dabei geholfen, deinem Ziel zumindest gedanklich etwas näher zu kommen.",NULL,NULL
59,5,7,"2023-07-27 14:37:32.417496","Ich habe mich verdrückt","sustain",0.9337680339813232,"Reason",0.9986503720283508,"General Reason",0.9962469935417175,"Continuing the Paragraph","2023-07-27 14:37:40.794749","Möglicherweise ist es dir wichtig, genauer zu klären, wie engagiert du dich fühlst, um die Umwelt zu schützen. Es scheint, als ob du dir nicht sicher bist, wie du deine Motivation zum nachhaltigeren Leben bewerten sollst. Wie siehst du das","gut/hilfreich",NULL
60,4,8,"2023-07-27 14:37:35.479421","5",NULL,0,NULL,0,NULL,0,NULL,"2023-07-27 14:37:37.15167","Eine 5. Das klingt als stündest du dieser Veränderung nicht allzu zuversichtlich gegenüber. Erzähl mir bitte mehr über deine Einstellung. Warum hast du keinen höheren oder niedrigeren Wert angegeben?",NULL,NULL
61,5,8,"2023-07-27 14:37:56.995896","Weil ich es schon lange versuche aber bisher einfach nicht schaffe","sustain",0.997225821018219,"Reason",0.999015212059021,"ability",0.9901807308197021,NULL,"2023-07-27 14:38:04.473279","Du hast also schon mehrere Anläufe unternommen, aber es hat nicht geklappt. Was denkst du, hindert dich daran, den gewünschten Erfolg zu erzielen","gut/hilfreich","Die Antwort ist definitv nicht beleidigend oder verletztend, und ich denke dass sie dabei hilft dass ich mir weitere Gedanken zu dem Problem mache"
62,10,4,"2023-07-27 14:38:01.244868","In dem ich eine andere Person anspreche oder Ziele aufschreibe","change",0.9983835220336914,"Taking Steps",0.9891286492347717,NULL,NULL,"Summary","2023-07-27 14:38:08.597483","Lass mich unser bisheriges Gespräch zusammenfassen. Das Ansprechen einer anderen Person und das Aufschreiben deiner Ziele könnten also die nächsten Schritte in deinem Plan sein. Gibt es noch andere Dinge, die du in Betracht ziehen könntest, um deinem Ziel näher zu kommen Habe ich noch etwas vergessen?","gut/hilfreich","Sehr gut, dass der chat bot nochmal nachfragt"
63,6,7,"2023-07-27 14:38:37.510765","Ich denke es ist eine gute Idee um die Umwelt zu schützen.","change",0.9992181062698364,"Reason",0.9990411400794983,"General Reason",0.9689913988113403,"Looking Back","2023-07-27 14:38:44.836112","Du hast also erkannt, dass nachhaltigeres Leben eine effektive Methode ist, um die Umwelt zu schützen. Gab es eine Zeit in deinem Leben, in der du bereits sehr umweltbewusst gelebt hast","gut/hilfreich","Ja ist hilfteich da man so noch ein mal reflektieren kann"
64,11,4,"2023-07-27 14:38:52.701315","Momentan fällt mir nichts ein","sustain",0.9858201742172241,"Reason",0.9988790154457092,"General Reason",0.9787796139717102,"Next Steps","2023-07-27 14:38:54.49576","Verstanden! Bitte verrate mir abschließend nochmal was dein nächster Schritt konkret sein wird.","gut/hilfreich",NULL
65,6,5,"2023-07-27 14:39:03.006141","Ich weiß es nicht!","sustain",0.9944426417350769,"Reason",0.9985793828964233,"ability",0.9626349806785583,NULL,"2023-07-27 14:39:07.862525","Das ist okay. Du könntest dir überlegen, welche Veränderungen in deiner Ernährung dir am leichtesten fallen würden.","schlecht/unpassend","Sind die Veränderungen, die mir am leichtesten fallen auch in meiner Situation die richtigen?"
66,12,4,"2023-07-27 14:39:17.746794","Ziele konkret formulieren und aufschreiben","change",0.9935639500617981,"Commitment",0.9965373277664185,NULL,NULL,"Goodbye","2023-07-27 14:39:19.437046","Vielen Dank für deine Offenheit in unserem Gespräch. 
                            Ich hoffe es hat dir dabei geholfen, deinem Ziel zumindest gedanklich etwas näher zu kommen.",NULL,NULL
67,6,8,"2023-07-27 14:39:45.045774","Ich gehe oft mit Freunden essen oder mit Kollegen, dabei mache ich viel zunichte was ich versucht habe über die Woche an Kalorien einzusparen","change",0.9993058443069458,"Taking Steps",0.99858558177948,NULL,NULL,NULL,"2023-07-27 14:39:52.942238","Du hast also Schwierigkeiten, dein gesundes Essverhalten beizubehalten, wenn du mit Freunden oder Kollegen ausgehst. Warum ist es schwer für dich, in solchen Situationen eine gesunde Wahl zu treffen","gut/hilfreich","Die Antwort geht auf das von mir Gesagte ein, und versucht weiter an dem Problem zu arbeiten, daher ist es recht hilfreich"
68,7,7,"2023-07-27 14:40:43.734785","Nein, gab es bisher noch nicht","sustain",0.8078626394271851,"Reason",0.9852595329284668,"ability",0.9054806232452393,"Undershooting","2023-07-27 14:40:50.754535","Es könnte sein, dass du dich etwas unsicher fühlst, da dies ein neuer Bereich für dich ist. Wie bereit bist du, dich auf diese neue Erfahrung einzulassen","gut/hilfreich","Gute Antwort"
69,7,5,"2023-07-27 14:40:47.498031","Ich könnte auf Schokolade verzichten.","change",0.9992796778678894,"Reason",0.9987043142318726,"ability",0.636860728263855,NULL,"2023-07-27 14:40:53.318787","Das Verzichten auf Schokolade könnte ein erster Schritt sein. Wie könntest du sicherstellen, dass du diesen Schritt auch wirklich umsetzt","schlecht/unpassend","Die Frage ist, ob ein Verzicht auf Schokolade für mich zielführend ist."
70,7,8,"2023-07-27 14:41:05.79294","Weil die Restaurants in der Regel keine wirklich guten Optionen bieten die mir schmecken","sustain",0.9960736036300659,"Reason",0.9974895715713501,"General Reason",0.9886572957038879,NULL,"2023-07-27 14:41:13.656465","Es scheint also, dass die Wahl der Restaurants und die dort angebotenen Speisen eine Herausforderung für dich darstellen. Wie könntest du mit dieser Situation umgehen, ohne deine gesunden Essgewohnheiten zu beeinträchtigen","gut/hilfreich","Geht wieder auf das Gesagte ein und fragt weiter nach"
71,1,9,"2023-07-27 14:41:43.142216","start",NULL,0,NULL,0,NULL,0,NULL,"2023-07-27 14:41:44.878352","Hallo! Ich bin MIcha, dein Motivations-Chatbot. 
                            Mein Ziel ist es, dir dabei zu helfen, dein Verhalten zu reflektieren und dich dabei zu unterstützen dir einen Plan für deine Verhaltensänderung zu erarbeiten. 
                            Bitte denke über meine Fragen genau nach und sieh sie vorwiegend als Gedankenanstöße, die dich mental näher an dein Ziel bringen. 
                            Ich bin nicht dafür da, dir Tipps oder Handlungsempfehlungen zu geben, sondern dafür, dir über deine Beweggründe und Werte klar zu werden. 
                                
                            Über welche Verhaltensänderung möchtest du heute sprechen?",NULL,NULL
72,8,7,"2023-07-27 14:41:51.495669","Ich bin voll bereit mich darauf einzulassen","change",0.9927955269813538,"Reason",0.7337875366210938,"General Reason",0.6886404156684875,"Looking Back","2023-07-27 14:41:59.013016","Das ist wunderbar zu hören. Deine Bereitschaft, dich auf diese neue Erfahrung einzulassen, ist der erste Schritt. Wie würdest du dein Leben beschreiben, wenn du erfolgreich nachhaltiger lebst","gut/hilfreich",NULL
73,8,5,"2023-07-27 14:42:12.844105","Keine Schokolade kaufen.","change",0.9979013204574585,"Commitment",0.9812211990356445,NULL,NULL,NULL,"2023-07-27 14:42:19.413105","Keine Schokolade zu kaufen wäre eine Möglichkeit. Wie könntest du dich daran erinnern, keine Schokolade zu kaufen, wenn du im Supermarkt bist","gut/hilfreich","Man muss sich nun mit der Situation auseinandersetzen, im Supermarkt zu sein und eben sein Kaufverhalten zu hinterfragen."
74,8,8,"2023-07-27 14:42:14.397451","Ich könnte jedesmal einen Salat bestellen, aber das macht mich in der Regel nicht satt","sustain",0.9888073205947876,"Reason",0.9980155229568481,"General Reason",0.991908848285675,NULL,"2023-07-27 14:42:20.631022","Du fühlst dich also nicht satt, wenn du einen Salat isst. Wie könntest du das Gefühl der Sättigung erreichen und dabei trotzdem gesund essen","gut/hilfreich","Ich könnte mir nach dem Essen wenn ich zuhause bin noch mal ein gesundes Essen zubereiten"
75,2,9,"2023-07-27 14:42:16.417863","Ich möchte mich gesünder ernähren",NULL,0,NULL,0,NULL,0,NULL,"2023-07-27 14:42:18.175777","Du möchtest also gesünder essen. Kannst du mir etwas darüber erzählen, warum dir diese Veränderung wichtig ist?",NULL,NULL
76,1,10,"2023-07-27 14:43:02.75392","start",NULL,0,NULL,0,NULL,0,NULL,"2023-07-27 14:43:04.333191","Hallo! Ich bin MIcha, dein Motivations-Chatbot. 
                            Mein Ziel ist es, dir dabei zu helfen, dein Verhalten zu reflektieren und dich dabei zu unterstützen dir einen Plan für deine Verhaltensänderung zu erarbeiten. 
                            Bitte denke über meine Fragen genau nach und sieh sie vorwiegend als Gedankenanstöße, die dich mental näher an dein Ziel bringen. 
                            Ich bin nicht dafür da, dir Tipps oder Handlungsempfehlungen zu geben, sondern dafür, dir über deine Beweggründe und Werte klar zu werden. 
                                
                            Über welche Verhaltensänderung möchtest du heute sprechen?",NULL,NULL
77,9,7,"2023-07-27 14:43:11.297865","Ich würde es als sinnvolleres und besseres Leben bezeichnen ","change",0.9991505146026611,"Reason",0.9988046884536743,"General Reason",0.9811080098152161,"Querying Extremes","2023-07-27 14:43:21.761135","Es scheint, dass du dir vorstellst, dass ein nachhaltigeres Leben für dich sinnvoller und besser wäre. Wie wäre es im schlimmsten Fall, wenn du dein Verhalten nicht änderst und nicht nachhaltiger lebst","gut/hilfreich",NULL
78,3,9,"2023-07-27 14:43:11.957298","ich habe in letzter Zeit sehr ungesund gegessen und möchte meinem Körper dauerhaft mehr Vitamine zuführen.",NULL,0,NULL,0,NULL,0,NULL,"2023-07-27 14:43:15.476713","Auf einer Skala von 0 (überhaupt nicht) bis 10 (sehr), wie interessiert bist du jetzt gerade daran, diese Veränderung durchzuführen?",NULL,NULL
79,4,9,"2023-07-27 14:43:26.5106","9",NULL,0,NULL,0,NULL,0,NULL,"2023-07-27 14:43:28.256797","Eine 9. Du stehst dieser Veränderung also insgesamt positiv gegenüber. Kannst du mir etwas mehr über diese Einschätzung sagen? Warum hast du keinen höheren oder niedrigeren Wert angegeben?",NULL,NULL
80,2,10,"2023-07-27 14:43:31.15368","Ich möchte weniger prokrastinieren",NULL,0,NULL,0,NULL,0,NULL,"2023-07-27 14:43:32.721406","Du möchtest also weniger prokrastinieren. Kannst du mir etwas darüber erzählen, warum dir diese Veränderung wichtig ist?",NULL,NULL
81,9,8,"2023-07-27 14:43:35.941297","Ich könnte nach dem Restaurantbesuch noch mal ein eigenes Essen kochen und essen","change",0.9993239641189575,"Commitment",0.9909473061561584,NULL,NULL,NULL,"2023-07-27 14:43:42.318553","Du denkst also daran, nach dem Restaurantbesuch zu Hause noch etwas zu essen. Was wäre eine Mahlzeit, die dir sättigend und gesund erscheint","gut/hilfreich","Fragt ebenfalls wieder gezielt nach"
82,3,10,"2023-07-27 14:43:55.349234","Ich möchte mich besser konzentrieren können",NULL,0,NULL,0,NULL,0,NULL,"2023-07-27 14:43:58.490213","Wie zuversichtlich bist du auf einer Skala von 0 (überhaupt nicht) bis 10 (sehr), dass du diese Veränderung durchführen kannst?",NULL,NULL
83,4,10,"2023-07-27 14:44:09.208699","4",NULL,0,NULL,0,NULL,0,NULL,"2023-07-27 14:44:11.142672","Eine 4. Das klingt als stündest du dieser Veränderung nicht allzu zuversichtlich gegenüber. Erzähl mir bitte mehr über deine Einstellung. Warum hast du keinen höheren oder niedrigeren Wert angegeben?",NULL,NULL
84,10,7,"2023-07-27 14:44:29.393479","Dann würdebich weniger Nachhaltig leben","change",0.9960504174232483,"Reason",0.9988325238227844,"General Reason",0.9865309596061707,"Summary","2023-07-27 14:44:38.551232","Lass mich unser bisheriges Gespräch zusammenfassen. Du hast erkannt, dass, wenn du dein Verhalten nicht änderst, du weiterhin weniger nachhaltig leben würdest. Es ist wichtig für dich, diese Änderung vorzunehmen, um deinen Beitrag zur Umwelt zu leisten. Wie könntest du beginnen, um nachhaltiger zu leben Habe ich noch etwas vergessen?","gut/hilfreich",NULL
85,5,9,"2023-07-27 14:44:29.650748","ich habe es schon oft versucht, gesünder zu essen, es aber nie lange durchgezogen, deshalb nur 9, da ich Zweifel habe ob ich es schaffe","sustain",0.9486430883407593,"Taking Steps",0.9846476316452026,NULL,NULL,"Continuing the Paragraph","2023-07-27 14:44:37.997354","Du hast also schon mehrfach versucht, dich gesünder zu ernähren, aber es bisher nicht nachhaltig umsetzen können. Es scheint, als ob du mit einigen Hürden konfrontiert wurdest. Oder gibt es noch andere Gründe, warum du Zweifel hast, ob du es schaffst","gut/hilfreich",NULL
86,9,5,"2023-07-27 14:44:36.140618","Ich schreibe Schokolade nicht auf den Einkaufsliste.","sustain",0.9548471570014954,"Taking Steps",0.9942230582237244,NULL,NULL,NULL,"2023-07-27 14:44:41.165481","Das ist eine gute Idee. Und was könntest du tun, wenn du trotzdem das Verlangen nach Schokolade verspürst","gut/hilfreich","Es wird wiederum darauf hingearbeitet, dass eigene Verhalten zu hinterfragen."
87,5,10,"2023-07-27 14:44:36.192309","weil ich nicht sicher bin was genau ich ändern muss ","sustain",0.9787542223930359,"Reason",0.9985268115997314,"need",0.9852480888366699,NULL,"2023-07-27 14:44:42.705323","Was glaubst du, könnte dir dabei helfen, klarer zu erkennen, welche Verhaltensänderungen nötig sind, um weniger zu prokrastinieren","gut/hilfreich","Gibt nichts vor, sondern motiviert mich zum Nachdenken"
88,10,8,"2023-07-27 14:44:42.138985","Eine Brotzzeit bestehend aus Vollkornbrot und Gemüse","change",0.995429277420044,"Taking Steps",0.9964795708656311,NULL,NULL,"Summary","2023-07-27 14:44:49.757132","Lass mich unser bisheriges Gespräch zusammenfassen. Du denkst also an eine Brotzeit mit Vollkornbrot und Gemüse als gesunde und sättigende Option nach dem Restaurantbesuch. Wie könntest du das in deinen Alltag integrieren? Habe ich noch etwas vergessen?","gut/hilfreich","Gute Zusammenfassung, es könnte tatsächlich eine Lösung für mein Problem darstellen."
89,6,10,"2023-07-27 14:45:48.363601","Ich bräuchte mögliche Übungen ","change",0.9985881447792053,"Reason",0.9964765906333923,"need",0.8543692827224731,NULL,"2023-07-27 14:45:53.29631","Das ist verständlich. Was glaubst du, wären für dich geeignete Übungen, um weniger zu prokrastinieren","schlecht/unpassend","ich kenne keine übungen "
90,11,8,"2023-07-27 14:45:50.909457","Nein, alles korrekt zusammengefasst.","change",0.9961205124855042,"Taking Steps",0.9693201184272766,NULL,NULL,"Next Steps","2023-07-27 14:45:52.634482","Verstanden! Bitte verrate mir abschließend nochmal was dein nächster Schritt konkret sein wird.","gut/hilfreich","Gute Maßnahme vorgeschlagen"
91,10,5,"2023-07-27 14:46:01.559536","Etwas anderes Schönes tun.","change",0.9984459280967712,"Reason",0.9977675676345825,"General Reason",0.9934417009353638,"Summary","2023-07-27 14:46:08.198119","Lass mich unser bisheriges Gespräch zusammenfassen. Das klingt nach einem guten Plan. Was könntest du tun, um dich daran zu erinnern, etwas Schönes zu tun, wenn du das Verlangen nach Schokolade verspürst? Habe ich noch etwas vergessen?","gut/hilfreich","Ein Verhaltensmuste/Entscheidungsketter wird vorgeschlagen."
92,6,9,"2023-07-27 14:46:20.561374","Unterwegs oder bei Treffen mit Freunden ist es schwer sich gesund zu ernähren und dann verfalle ich in alte Gewohnheiten","sustain",0.9926773309707642,"Reason",0.9985702037811279,"ability",0.9805675148963928,"Reframe","2023-07-27 14:46:30.427772","Du hast also bemerkt, dass bestimmte Umgebungen oder soziale Situationen dazu führen können, dass du in alte Essgewohnheiten zurückfällst. Das klingt nach einer wichtigen Erkenntnis. Was könnten Situationen sein, in denen du dir vorstellen könntest, dich gesünder zu ernähren","gut/hilfreich",NULL
93,7,10,"2023-07-27 14:46:23.157498","weiß ich nicht","change",0.6282702684402466,"Reason",0.9969573020935059,"ability",0.9760684967041016,NULL,"2023-07-27 14:46:27.893221","Was könnten erste kleine Schritte sein, die du unternehmen könntest, um dein Ziel zu erreichen","schlecht/unpassend","mir fällt nichts ein "
94,12,8,"2023-07-27 14:46:28.209133","Ich werde beim nächsten Restaurantbesuch einen Salat bestellen.","change",0.999164342880249,"Commitment",0.9988986253738403,NULL,NULL,"Goodbye","2023-07-27 14:46:29.960512","Vielen Dank für deine Offenheit in unserem Gespräch. 
                            Ich hoffe es hat dir dabei geholfen, deinem Ziel zumindest gedanklich etwas näher zu kommen.",NULL,NULL
95,8,10,"2023-07-27 14:47:07.261714","kannst du mir was vorschlagen ","sustain",0.7006558775901794,"Reason",0.9531999826431274,"ability",0.564281702041626,NULL,"2023-07-27 14:47:12.300786","Es geht hier darum, was du denkst. Welche kleinen Änderungen könnten deiner Meinung nach in deinem Alltag einen Unterschied machen","schlecht/unpassend",NULL
96,11,7,"2023-07-27 14:47:20.461025","Nein, du hast nichts vergessen. ","change",0.6979146599769592,"Reason",0.9988478422164917,"General Reason",0.9919260144233704,"Next Steps","2023-07-27 14:47:22.159285","Verstanden! Bitte verrate mir abschließend nochmal was dein nächster Schritt konkret sein wird.","gut/hilfreich",NULL
97,11,5,"2023-07-27 14:47:29.657825","Nein.","change",0.9592046141624451,"Reason",0.9920812845230103,"ability",0.3814055621623993,"Next Steps","2023-07-27 14:47:31.468528","Verstanden! Bitte verrate mir abschließend nochmal was dein nächster Schritt konkret sein wird.","gut/hilfreich","Das ist der deutliche Hinweis, dass man selbst etwas tun muss."
98,9,10,"2023-07-27 14:47:43.95597","weiß ich nicht ","change",0.6282702684402466,"Reason",0.9969573020935059,"ability",0.9760684967041016,NULL,"2023-07-27 14:47:50.381843","Das ist okay. Manchmal ist es schwierig, einen Anfang zu finden. Wie wäre es, wenn du darüber nachdenkst was dich normalerweise vom Arbeiten abhält","gut/hilfreich",NULL
99,7,9,"2023-07-27 14:47:45.265883","zu Hause?","change",0.9923344254493713,"Reason",0.5549712777137756,"General Reason",0.9821634292602539,"Digging Deep","2023-07-27 14:47:52.113654","Du siehst also zu Hause als einen Ort, an dem du dich gesünder ernähren könntest. Was genau macht es für dich einfacher, gesund zu essen, wenn du zu Hause bist","gut/hilfreich",NULL
100,12,7,"2023-07-27 14:48:21.214451","Ich werde weniger Müll produzieren und umweltbewusster Leben. ","change",0.999297022819519,"Commitment",0.9033298492431641,NULL,NULL,"Goodbye","2023-07-27 14:48:22.771005","Vielen Dank für deine Offenheit in unserem Gespräch. 
                            Ich hoffe es hat dir dabei geholfen, deinem Ziel zumindest gedanklich etwas näher zu kommen.",NULL,NULL
101,10,10,"2023-07-27 14:48:28.955654","Handy, Gedanken, Keine Motivation","change",0.9952211976051331,"Reason",0.9951006770133972,"General Reason",0.993924081325531,"Summary","2023-07-27 14:48:35.884187","Lass mich unser bisheriges Gespräch zusammenfassen. Du hast also bemerkt, dass dein Handy, ablenkende Gedanken und fehlende Motivation dich von deiner Arbeit abhalten. Wie könntest du diese Hindernisse überwinden? Habe ich noch etwas vergessen?","gut/hilfreich",NULL
102,11,10,"2023-07-27 14:49:05.154295","nein","change",0.9915225505828857,"Reason",0.943213701248169,"General Reason",0.887419581413269,"Next Steps","2023-07-27 14:49:06.736204","Verstanden! Bitte verrate mir abschließend nochmal was dein nächster Schritt konkret sein wird.","schlecht/unpassend",NULL
103,12,5,"2023-07-27 14:49:06.110791","Ich werde keine Schokolade mehr kaufen und wenn ich Verlangen nach Schokolade habe, etwas anderes Schönes tun.","change",0.9990322589874268,"Commitment",0.9987955093383789,NULL,NULL,"Goodbye","2023-07-27 14:49:07.953737","Vielen Dank für deine Offenheit in unserem Gespräch. 
                            Ich hoffe es hat dir dabei geholfen, deinem Ziel zumindest gedanklich etwas näher zu kommen.",NULL,NULL
104,1,11,"2023-07-27 14:49:15.407893","start",NULL,0,NULL,0,NULL,0,NULL,"2023-07-27 14:49:17.559257","Hallo! Ich bin MIcha, dein Motivations-Chatbot. 
                            Mein Ziel ist es, dir dabei zu helfen, dein Verhalten zu reflektieren und dich dabei zu unterstützen dir einen Plan für deine Verhaltensänderung zu erarbeiten. 
                            Bitte denke über meine Fragen genau nach und sieh sie vorwiegend als Gedankenanstöße, die dich mental näher an dein Ziel bringen. 
                            Ich bin nicht dafür da, dir Tipps oder Handlungsempfehlungen zu geben, sondern dafür, dir über deine Beweggründe und Werte klar zu werden. 
                                
                            Über welche Verhaltensänderung möchtest du heute sprechen?",NULL,NULL
105,12,10,"2023-07-27 14:49:31.258458","weiß ich nicht","change",0.6282702684402466,"Reason",0.9969573020935059,"ability",0.9760684967041016,"Goodbye","2023-07-27 14:49:32.984442","Vielen Dank für deine Offenheit in unserem Gespräch. 
                            Ich hoffe es hat dir dabei geholfen, deinem Ziel zumindest gedanklich etwas näher zu kommen.",NULL,NULL
106,2,11,"2023-07-27 14:49:47.251198","Ich möchte weniger prokrastinieren",NULL,0,NULL,0,NULL,0,NULL,"2023-07-27 14:49:48.842191","Du möchtest also weniger prokrastinieren. Kannst du mir etwas darüber erzählen, warum dir diese Veränderung wichtig ist?",NULL,NULL
107,8,9,"2023-07-27 14:49:55.809958","ich entscheide selbst, was ich zu Hause habe an Zutaten und kann z.B. für mehrer Tage kochen. Unterwegs bin ich auf das vorhandene Nagebot abgewiesen und auf die Meinunngen der anderen","change",0.9987459182739258,"Taking Steps",0.9656999707221985,NULL,NULL,"Hypothetical","2023-07-27 14:50:03.991701","Du hast also das Gefühl, dass du zu Hause mehr Kontrolle über deine Ernährung hast, weil du entscheiden kannst, was du einkaufst und kochst. Was könnten Strategien sein, um diese Kontrolle auch in anderen Situationen zu bewahren","schlecht/unpassend","Ich finde die Antwort gerade sehr anstrengend... wenn ich das wüsste bräuchte ich evtl keine Hilfe!?"
108,3,11,"2023-07-27 14:50:08.917283","Zu viel Ablenkung bei der Arbeit. Ineffizient.",NULL,0,NULL,0,NULL,0,NULL,"2023-07-27 14:50:12.191877","Wie bereit bist du auf einer Skala von 0 (überhaupt nicht) bis 10 (sehr) diese Veränderung durchzuführen?",NULL,NULL
109,4,11,"2023-07-27 14:50:19.301343","4",NULL,0,NULL,0,NULL,0,NULL,"2023-07-27 14:50:20.887504","Eine 4. Das klingt als stündest du dieser Veränderung nicht allzu zuversichtlich gegenüber. Erzähl mir bitte mehr über deine Einstellung. Warum hast du keinen höheren oder niedrigeren Wert angegeben?",NULL,NULL
110,5,11,"2023-07-27 14:50:39.310588","Habe es schon öfter versucht.","change",0.9990230798721313,"Taking Steps",0.6507959961891174,NULL,NULL,"Reviewing Past Successes","2023-07-27 14:50:49.528086","Es ist verständlich, dass wiederholte Versuche, die nicht die gewünschten Ergebnisse erzielt haben, Zweifel an der eigenen Fähigkeit zur Veränderung verursachen können. Aber daran erinnern, dass du schon erfolgreich Veränderungen vorgenommen hast, kann hilfreich sein. Kannst du an ein Beispiel denken, bei dem du erfolgreich eine Verhaltensänderung herbeiführen konntest","gut/hilfreich","Die Antwort geht auf meine Aussage ein."
111,9,9,"2023-07-27 14:51:40.765662","keine Ahnung","change",0.9817774295806885,"Reason",0.9972596168518066,"General Reason",0.9907436966896057,"Digging Deep","2023-07-27 14:51:48.473731","Es scheint eine Herausforderung für dich zu sein, Strategien zu finden, die dir helfen, auch außerhalb deines Zuhauses gesünder zu essen. Kannst du eine Situation beschreiben, in der du das Gefühl hattest, du hättest dich gesünder ernähren können","gut/hilfreich",NULL
112,6,11,"2023-07-27 14:51:45.665748","Nein","change",0.935725748538971,"Reason",0.9909908771514893,"desire",0.41457483172416687,"Exploring Goals and Values","2023-07-27 14:51:51.180017","Es ist in Ordnung, wenn dir gerade kein Beispiel einfällt. Wie würdest du dein Leben anders gestalten, wenn das Prokrastinieren kein Problem mehr für dich wäre","gut/hilfreich","Passt"
113,7,11,"2023-07-27 14:52:36.05917","Ich würde mehr erledigen können und wäre zufriedener.","change",0.997956395149231,"Reason",0.9988651275634766,"General Reason",0.9945778846740723,"Continuing the Paragraph","2023-07-27 14:52:43.918484","Es klingt, als ob das Prokrastinieren eine Hürde für dich ist, um deine Ziele zu erreichen und Zufriedenheit zu empfinden. Bei der Überwindung dieser Hürde könnten dir möglicherweise Unterstützung und Strategien helfen. Was denkst du","gut/hilfreich","Vage, aber okay."
114,8,11,"2023-07-27 14:53:18.859831","Vielleicht.","change",0.9980606436729431,"Reason",0.9535385966300964,"desire",0.7542634010314941,"Exploring Goals and Values","2023-07-27 14:53:26.63395","Es ist ein guter Schritt, sich diese Möglichkeit offen zu halten. Es ist wichtig zu bedenken, dass jede kleine Veränderung einen Unterschied machen kann. Wie würdest du dich fühlen, wenn du weniger prokrastinieren würdest","schlecht/unpassend","Es wurde nicht weiter auf die Unterstützung / Strategien / Möglichkeiten eingegangen."
115,10,9,"2023-07-27 14:53:31.855898","beim Besuch im Biergarten, da es dort hauptsächlich Ungesundes gibt","change",0.6973913908004761,"Reason",0.9570452570915222,"General Reason",0.9882206916809082,"Summary","2023-07-27 14:53:40.420928","Lass mich unser bisheriges Gespräch zusammenfassen. Du hast also bemerkt, dass es im Biergarten hauptsächlich ungesunde Optionen gibt. Wie könntest du in solchen Situationen anders handeln, um deine Ernährungsziele zu erreichen Habe ich noch etwas vergessen?","schlecht/unpassend","wir drehen uns im Kreis"
116,9,11,"2023-07-27 14:54:31.117335","Gut. Aber was sind die Strategien?","sustain",0.9851717948913574,"Reason",0.9879653453826904,"General Reason",0.9517834186553955,"Affirmation","2023-07-27 14:54:41.356283","Es ist toll, dass du dir die Auswirkungen vorstellen kannst, die weniger Prokrastinieren auf dein Wohlbefinden haben könnte. Lass uns weiter darüber nachdenken, wie du diese positive Veränderung erreichen könntest. Was könntest du tun, um weniger zu prokrastinieren","schlecht/unpassend","Geht nicht auf meine Frage ein."
117,11,9,"2023-07-27 14:54:43.582498","ich weiß nicht, du bist der Computer","sustain",0.9931702613830566,"Reason",0.9967389702796936,"General Reason",0.9587628245353699,"Next Steps","2023-07-27 14:54:45.53811","Verstanden! Bitte verrate mir abschließend nochmal was dein nächster Schritt konkret sein wird.","schlecht/unpassend","Da ich davon ausging, dass der Chatbot mir helfen soll, Wege zur konsequenterer Ernährung zu finden, hilft das irgendwie gerade gar nicht....."
118,10,11,"2023-07-27 14:55:54.504881","Bitte antworte auf meine Frage nach den Strategien.","change",0.9984341263771057,"Commitment",0.7783383727073669,NULL,NULL,"Summary","2023-07-27 14:56:09.165549","Lass mich unser bisheriges Gespräch zusammenfassen. Entschuldigung, wenn ich deine Frage bisher nicht beantwortet habe. Einige Strategien, die Menschen oft hilfreich finden, umfassen das Setzen von klaren Zielen, das Aufteilen von Aufgaben in kleinere, handhabbare Teile, das Nutzen von Belohnungen zur Motivationssteigerung und das Erstellen eines Zeitplans oder einer To-Do-Liste. Es könnte auch hilfreich sein, eine klare Arbeitsumgebung zu schaffen und Ablenkungen zu minimieren. Welche dieser Strategien erscheint dir als am hilfreichsten? Habe ich noch etwas vergessen?","gut/hilfreich","Geht auf meine Frage ein."
119,12,9,"2023-07-27 14:55:56.915155","sag du es mir","sustain",0.5471934676170349,"Commitment",0.7211272120475769,NULL,NULL,"Goodbye","2023-07-27 14:55:59.340549","Vielen Dank für deine Offenheit in unserem Gespräch. 
                            Ich hoffe es hat dir dabei geholfen, deinem Ziel zumindest gedanklich etwas näher zu kommen.",NULL,NULL
120,11,11,"2023-07-27 14:57:16.261953","Belohnungen","change",0.9911122918128967,"Reason",0.9835897088050842,"General Reason",0.8944521546363831,"Next Steps","2023-07-27 14:57:17.980361","Verstanden! Bitte verrate mir abschließend nochmal was dein nächster Schritt konkret sein wird.","schlecht/unpassend","Ich fühle mich allein gelassen. Wieder kein konkretes Beispiel."
121,12,11,"2023-07-27 14:58:10.579128","Ich weiß es nicht. Leider hast du mir kein Beispiel für Belohnungen gegeben.","sustain",0.9971176385879517,"Reason",0.9699779748916626,"General Reason",0.9923542737960815,"Goodbye","2023-07-27 14:58:12.196894","Vielen Dank für deine Offenheit in unserem Gespräch. 
                            Ich hoffe es hat dir dabei geholfen, deinem Ziel zumindest gedanklich etwas näher zu kommen.",NULL,NULL
